username,email,password,secret_question_id,secret_answer
testuser1,testuser1@example.com,Password123!,1,buddy
jane.doe,jane.d@example.com,Password123!,2,smith
john.smith,john.s@example.com,Password123!,3,oakwood
alice,alice@example.com,Password123!,4,gotham
bob,bob@example.com,Password123!,5,dune
charlie,charlie@example.com,Password123!,1,sparky
diana,diana@example.com,Password123!,2,jones
frank,frank@example.com,Password123!,4,london
grace,grace@example.com,Password123!,5,foundation
heidi,heidi@example.com,Password123!,3,riverside